TimeGenerated,DisplayName,AlertName,AlertSeverity,Description,ProviderName,VendorName,ProductName,SystemAlertId,AlertType,Status,ConfidenceLevel,ConfidenceScore,IsIncident,StartTime,EndTime,Entities,Tactics,Techniques,ProcessingEndTime,Type
2026-04-28T13:38:09Z,Anomalous file download,Anomalous file download,Low,Detected Anomalous file download,Microsoft Defender,Microsoft,Microsoft Defender,alert-104,Anomalousfiledownload,New,High,0.95,0,2026-04-28T13:38:09Z,2026-04-28T13:43:09Z,"[{""Type"": ""host"", ""HostName"": ""WS-HR-03""}]",Discovery,T1083,2026-04-28T13:39:09Z,SecurityAlert
2026-04-28T13:52:42Z,Lateral movement via SMB,Lateral movement via SMB,High,Unusual SMB activity from a single host to many destinations,Azure Sentinel,Microsoft,Microsoft Defender,alert-0213,LateralmovementviaSMB,Resolved,High,0.64,0,2026-04-28T13:52:42Z,2026-04-28T14:00:42Z,"[{""Type"": ""host"", ""HostName"": ""WS-MKT-01""}]",LateralMovement,T1021.002,2026-04-28T14:00:47Z,SecurityAlert
2026-04-28T13:57:44Z,Lateral movement via SMB,Lateral movement via SMB,High,Unusual SMB activity from a single host to many destinations,Azure Sentinel,Microsoft,Microsoft Defender,alert-0214,LateralmovementviaSMB,New,High,0.90,0,2026-04-28T13:57:44Z,2026-04-28T14:05:44Z,"[{""Type"": ""host"", ""HostName"": ""WS-MKT-01""}]",LateralMovement,T1021.002,2026-04-28T14:05:49Z,SecurityAlert
2026-04-28T14:37:11Z,Anomalous sign-in from unfamiliar location,Anomalous sign-in from unfamiliar location,Medium,User signed in from a country not previously seen,Azure Sentinel,Microsoft,Microsoft Defender,alert-0215,Anomaloussign-infromunfamiliarlocation,New,High,0.93,0,2026-04-28T14:37:11Z,2026-04-28T15:03:11Z,"[{""Type"": ""host"", ""HostName"": ""WS-IT-02""}]",InitialAccess,T1078,2026-04-28T15:03:16Z,SecurityAlert
2026-04-28T14:39:11Z,Lateral movement via SMB,Lateral movement via SMB,High,Unusual SMB activity from a single host to many destinations,Azure Sentinel,Microsoft,Microsoft Defender,alert-0216,LateralmovementviaSMB,New,High,0.98,0,2026-04-28T14:39:11Z,2026-04-28T15:09:11Z,"[{""Type"": ""host"", ""HostName"": ""LAP-DEV-05""}]",LateralMovement,T1021.002,2026-04-28T15:09:16Z,SecurityAlert
2026-04-28T14:43:17Z,Anomalous sign-in from unfamiliar location,Anomalous sign-in from unfamiliar location,Medium,User signed in from a country not previously seen,Azure Sentinel,Microsoft,Microsoft Defender,alert-0217,Anomaloussign-infromunfamiliarlocation,InProgress,High,0.67,0,2026-04-28T14:43:17Z,2026-04-28T15:09:17Z,"[{""Type"": ""host"", ""HostName"": ""WS-IT-02""}]",InitialAccess,T1078,2026-04-28T15:09:22Z,SecurityAlert
2026-04-28T14:46:14Z,Lateral movement via SMB,Lateral movement via SMB,High,Unusual SMB activity from a single host to many destinations,Azure Sentinel,Microsoft,Microsoft Defender,alert-0218,LateralmovementviaSMB,New,High,0.64,0,2026-04-28T14:46:14Z,2026-04-28T14:57:14Z,"[{""Type"": ""host"", ""HostName"": ""WS-DEV-02""}]",LateralMovement,T1021.002,2026-04-28T14:57:19Z,SecurityAlert
2026-04-28T14:55:56Z,First-time process,First-time process,Informational,Detected First-time process,Microsoft Defender,Microsoft,Microsoft Defender,alert-101,First-timeprocess,New,High,0.95,0,2026-04-28T14:55:56Z,2026-04-28T15:00:56Z,"[{""Type"": ""host"", ""HostName"": ""SVR-WEB-01""}]",Discovery,T1083,2026-04-28T14:56:56Z,SecurityAlert
2026-04-28T14:57:51Z,Suspicious scheduled task,Suspicious scheduled task,Medium,Schtasks created with binary in ProgramData,Azure Sentinel,Microsoft,Microsoft Defender,alert-0219,Suspiciousscheduledtask,New,High,0.98,0,2026-04-28T14:57:51Z,2026-04-28T15:12:51Z,"[{""Type"": ""host"", ""HostName"": ""WS-FIN-03""}]",Persistence,T1053.005,2026-04-28T15:12:56Z,SecurityAlert
2026-04-28T14:58:59Z,Lateral movement via SMB,Lateral movement via SMB,High,Unusual SMB activity from a single host to many destinations,Azure Sentinel,Microsoft,Microsoft Defender,alert-0220,LateralmovementviaSMB,New,High,0.92,0,2026-04-28T14:58:59Z,2026-04-28T15:09:59Z,"[{""Type"": ""host"", ""HostName"": ""WS-IT-02""}]",LateralMovement,T1021.002,2026-04-28T15:10:04Z,SecurityAlert
2026-04-28T15:05:26Z,Suspicious PowerShell execution,Suspicious PowerShell execution,Medium,Detected suspicious PowerShell EncodedCommand,Azure Sentinel,Microsoft,Microsoft Defender,alert-0221,SuspiciousPowerShellexecution,New,High,0.88,0,2026-04-28T15:05:26Z,2026-04-28T15:20:26Z,"[{""Type"": ""host"", ""HostName"": ""WS-SUPPORT-01""}]",Execution,T1059.001,2026-04-28T15:20:31Z,SecurityAlert
2026-04-28T15:05:54Z,DNS tunneling indicator,DNS tunneling indicator,Medium,High volume of TXT-record queries to an uncommon domain,Azure Sentinel,Microsoft,Microsoft Defender,alert-0222,DNStunnelingindicator,New,High,0.95,0,2026-04-28T15:05:54Z,2026-04-28T15:13:54Z,"[{""Type"": ""host"", ""HostName"": ""WS-IT-01""}]",CommandAndControl,T1071.004,2026-04-28T15:13:59Z,SecurityAlert
2026-04-28T15:12:21Z,Credential dumping detected,Credential dumping detected,High,lsass.exe memory access from an untrusted process,Azure Sentinel,Microsoft,Microsoft Defender,alert-0223,Credentialdumpingdetected,New,High,0.71,0,2026-04-28T15:12:21Z,2026-04-28T15:15:21Z,"[{""Type"": ""host"", ""HostName"": ""LAP-DEV-06""}]",CredentialAccess,T1003.001,2026-04-28T15:15:26Z,SecurityAlert
2026-04-28T15:23:47Z,Suspicious PowerShell execution,Suspicious PowerShell execution,Medium,Detected suspicious PowerShell EncodedCommand,Azure Sentinel,Microsoft,Microsoft Defender,alert-0224,SuspiciousPowerShellexecution,InProgress,High,0.70,0,2026-04-28T15:23:47Z,2026-04-28T15:49:47Z,"[{""Type"": ""host"", ""HostName"": ""WS-DEV-02""}]",Execution,T1059.001,2026-04-28T15:49:52Z,SecurityAlert
2026-04-28T15:28:44Z,Possible password spray,Possible password spray,High,A single source IP attempted login to many distinct accounts,Azure Sentinel,Microsoft,Microsoft Defender,alert-0225,Possiblepasswordspray,InProgress,High,0.67,0,2026-04-28T15:28:44Z,2026-04-28T15:48:44Z,"[{""Type"": ""host"", ""HostName"": ""WS-MKT-01""}]",CredentialAccess,T1110.003,2026-04-28T15:48:49Z,SecurityAlert
2026-04-28T15:32:00Z,Lateral movement via SMB,Lateral movement via SMB,High,Unusual SMB activity from a single host to many destinations,Azure Sentinel,Microsoft,Microsoft Defender,alert-0226,LateralmovementviaSMB,New,High,0.97,0,2026-04-28T15:32:00Z,2026-04-28T15:33:00Z,"[{""Type"": ""host"", ""HostName"": ""LAP-EXEC-01""}]",LateralMovement,T1021.002,2026-04-28T15:33:05Z,SecurityAlert
2026-04-28T15:41:37Z,Outbound to unusual port,Outbound to unusual port,Low,Detected Outbound to unusual port,Microsoft Defender,Microsoft,Microsoft Defender,alert-108,Outboundtounusualport,New,High,0.95,0,2026-04-28T15:41:37Z,2026-04-28T15:46:37Z,"[{""Type"": ""host"", ""HostName"": ""WS-FINANCE-01""}]",Discovery,T1083,2026-04-28T15:42:37Z,SecurityAlert
2026-04-28T16:12:01Z,DNS tunneling indicator,DNS tunneling indicator,Medium,High volume of TXT-record queries to an uncommon domain,Azure Sentinel,Microsoft,Microsoft Defender,alert-0227,DNStunnelingindicator,InProgress,High,0.61,0,2026-04-28T16:12:01Z,2026-04-28T16:16:01Z,"[{""Type"": ""host"", ""HostName"": ""WS-RECEPTION-01""}]",CommandAndControl,T1071.004,2026-04-28T16:16:06Z,SecurityAlert
2026-04-28T16:18:47Z,Anomalous sign-in from unfamiliar location,Anomalous sign-in from unfamiliar location,Medium,User signed in from a country not previously seen,Azure Sentinel,Microsoft,Microsoft Defender,alert-0228,Anomaloussign-infromunfamiliarlocation,InProgress,High,0.64,0,2026-04-28T16:18:47Z,2026-04-28T16:39:47Z,"[{""Type"": ""host"", ""HostName"": ""LAP-EXEC-01""}]",InitialAccess,T1078,2026-04-28T16:39:52Z,SecurityAlert
2026-04-28T16:21:34Z,Lateral movement via SMB,Lateral movement via SMB,High,Unusual SMB activity from a single host to many destinations,Azure Sentinel,Microsoft,Microsoft Defender,alert-0229,LateralmovementviaSMB,New,High,0.88,0,2026-04-28T16:21:34Z,2026-04-28T16:23:34Z,"[{""Type"": ""host"", ""HostName"": ""WS-FIN-02""}]",LateralMovement,T1021.002,2026-04-28T16:23:39Z,SecurityAlert
2026-04-28T16:31:54Z,Mass file deletion,Mass file deletion,Low,A user deleted 200+ files within 5 minutes,Azure Sentinel,Microsoft,Microsoft Defender,alert-0230,Massfiledeletion,New,High,0.72,0,2026-04-28T16:31:54Z,2026-04-28T16:53:54Z,"[{""Type"": ""host"", ""HostName"": ""WS-HR-03""}]",Impact,T1485,2026-04-28T16:53:59Z,SecurityAlert
2026-04-28T16:48:26Z,Anomalous file download,Anomalous file download,Informational,Detected Anomalous file download,Microsoft Defender,Microsoft,Microsoft Defender,alert-105,Anomalousfiledownload,New,High,0.95,0,2026-04-28T16:48:26Z,2026-04-28T16:53:26Z,"[{""Type"": ""host"", ""HostName"": ""WS-DEV-02""}]",Discovery,T1083,2026-04-28T16:49:26Z,SecurityAlert
2026-04-28T16:52:13Z,Suspicious PowerShell execution,Suspicious PowerShell execution,Medium,Detected suspicious PowerShell EncodedCommand,Azure Sentinel,Microsoft,Microsoft Defender,alert-0231,SuspiciousPowerShellexecution,InProgress,High,0.95,0,2026-04-28T16:52:13Z,2026-04-28T17:06:13Z,"[{""Type"": ""host"", ""HostName"": ""WS-HR-03""}]",Execution,T1059.001,2026-04-28T17:06:18Z,SecurityAlert
2026-04-28T17:19:02Z,Lateral movement via SMB,Lateral movement via SMB,High,Unusual SMB activity from a single host to many destinations,Azure Sentinel,Microsoft,Microsoft Defender,alert-0232,LateralmovementviaSMB,Resolved,High,0.91,0,2026-04-28T17:19:02Z,2026-04-28T17:43:02Z,"[{""Type"": ""host"", ""HostName"": ""LAP-DEV-05""}]",LateralMovement,T1021.002,2026-04-28T17:43:07Z,SecurityAlert
2026-04-28T17:19:53Z,DNS tunneling indicator,DNS tunneling indicator,Medium,High volume of TXT-record queries to an uncommon domain,Azure Sentinel,Microsoft,Microsoft Defender,alert-0233,DNStunnelingindicator,Resolved,High,0.64,0,2026-04-28T17:19:53Z,2026-04-28T17:26:53Z,"[{""Type"": ""host"", ""HostName"": ""WS-MKT-01""}]",CommandAndControl,T1071.004,2026-04-28T17:26:58Z,SecurityAlert
2026-04-28T17:31:55Z,First-time process,First-time process,Informational,Detected First-time process,Microsoft Defender,Microsoft,Microsoft Defender,alert-100,First-timeprocess,New,High,0.95,0,2026-04-28T17:31:55Z,2026-04-28T17:36:55Z,"[{""Type"": ""host"", ""HostName"": ""WS-HR-03""}]",Discovery,T1083,2026-04-28T17:32:55Z,SecurityAlert
2026-04-28T17:38:17Z,Mass file deletion,Mass file deletion,Low,A user deleted 200+ files within 5 minutes,Azure Sentinel,Microsoft,Microsoft Defender,alert-0234,Massfiledeletion,New,High,0.79,0,2026-04-28T17:38:17Z,2026-04-28T17:45:17Z,"[{""Type"": ""host"", ""HostName"": ""LAP-DEV-05""}]",Impact,T1485,2026-04-28T17:45:22Z,SecurityAlert
2026-04-28T17:41:54Z,Anomalous sign-in from unfamiliar location,Anomalous sign-in from unfamiliar location,Medium,User signed in from a country not previously seen,Azure Sentinel,Microsoft,Microsoft Defender,alert-0235,Anomaloussign-infromunfamiliarlocation,New,High,0.66,0,2026-04-28T17:41:54Z,2026-04-28T18:08:54Z,"[{""Type"": ""host"", ""HostName"": ""WS-DEV-02""}]",InitialAccess,T1078,2026-04-28T18:08:59Z,SecurityAlert
2026-04-28T17:42:00Z,Mass file deletion,Mass file deletion,Low,A user deleted 200+ files within 5 minutes,Azure Sentinel,Microsoft,Microsoft Defender,alert-0236,Massfiledeletion,InProgress,High,0.67,0,2026-04-28T17:42:00Z,2026-04-28T17:49:00Z,"[{""Type"": ""host"", ""HostName"": ""WS-IT-02""}]",Impact,T1485,2026-04-28T17:49:05Z,SecurityAlert
2026-04-28T17:46:23Z,Credential dumping detected,Credential dumping detected,High,lsass.exe memory access from an untrusted process,Azure Sentinel,Microsoft,Microsoft Defender,alert-0237,Credentialdumpingdetected,New,High,0.61,0,2026-04-28T17:46:23Z,2026-04-28T18:07:23Z,"[{""Type"": ""host"", ""HostName"": ""LAP-SALES-04""}]",CredentialAccess,T1003.001,2026-04-28T18:07:28Z,SecurityAlert
2026-04-28T17:50:59Z,DNS tunneling indicator,DNS tunneling indicator,Medium,High volume of TXT-record queries to an uncommon domain,Azure Sentinel,Microsoft,Microsoft Defender,alert-0238,DNStunnelingindicator,New,High,0.91,0,2026-04-28T17:50:59Z,2026-04-28T17:57:59Z,"[{""Type"": ""host"", ""HostName"": ""WS-FINANCE-01""}]",CommandAndControl,T1071.004,2026-04-28T17:58:04Z,SecurityAlert
2026-04-28T17:57:49Z,Suspicious PowerShell execution,Suspicious PowerShell execution,Medium,Detected suspicious PowerShell EncodedCommand,Azure Sentinel,Microsoft,Microsoft Defender,alert-0239,SuspiciousPowerShellexecution,New,High,0.76,0,2026-04-28T17:57:49Z,2026-04-28T18:05:49Z,"[{""Type"": ""host"", ""HostName"": ""WS-ENG-01""}]",Execution,T1059.001,2026-04-28T18:05:54Z,SecurityAlert
2026-04-28T18:06:05Z,Mass file deletion,Mass file deletion,Low,A user deleted 200+ files within 5 minutes,Azure Sentinel,Microsoft,Microsoft Defender,alert-0240,Massfiledeletion,New,High,0.65,0,2026-04-28T18:06:05Z,2026-04-28T18:11:05Z,"[{""Type"": ""host"", ""HostName"": ""WS-MKT-02""}]",Impact,T1485,2026-04-28T18:11:10Z,SecurityAlert
2026-04-28T18:17:13Z,Anomalous sign-in from unfamiliar location,Anomalous sign-in from unfamiliar location,Medium,User signed in from a country not previously seen,Azure Sentinel,Microsoft,Microsoft Defender,alert-0241,Anomaloussign-infromunfamiliarlocation,New,High,0.75,0,2026-04-28T18:17:13Z,2026-04-28T18:42:13Z,"[{""Type"": ""host"", ""HostName"": ""WS-SUPPORT-01""}]",InitialAccess,T1078,2026-04-28T18:42:18Z,SecurityAlert
2026-04-28T18:17:16Z,Suspicious PowerShell execution,Suspicious PowerShell execution,Medium,Detected suspicious PowerShell EncodedCommand,Azure Sentinel,Microsoft,Microsoft Defender,alert-0242,SuspiciousPowerShellexecution,InProgress,High,0.94,0,2026-04-28T18:17:16Z,2026-04-28T18:47:16Z,"[{""Type"": ""host"", ""HostName"": ""SVR-DC-01""}]",Execution,T1059.001,2026-04-28T18:47:21Z,SecurityAlert
2026-04-28T18:22:57Z,Credential dumping detected,Credential dumping detected,High,lsass.exe memory access from an untrusted process,Azure Sentinel,Microsoft,Microsoft Defender,alert-0243,Credentialdumpingdetected,New,High,0.82,0,2026-04-28T18:22:57Z,2026-04-28T18:23:57Z,"[{""Type"": ""host"", ""HostName"": ""LAP-SALES-03""}]",CredentialAccess,T1003.001,2026-04-28T18:24:02Z,SecurityAlert
2026-04-28T18:28:23Z,Suspicious scheduled task,Suspicious scheduled task,Medium,Schtasks created with binary in ProgramData,Azure Sentinel,Microsoft,Microsoft Defender,alert-0244,Suspiciousscheduledtask,New,High,0.64,0,2026-04-28T18:28:23Z,2026-04-28T18:33:23Z,"[{""Type"": ""host"", ""HostName"": ""LAP-DEV-05""}]",Persistence,T1053.005,2026-04-28T18:33:28Z,SecurityAlert
2026-04-28T18:28:37Z,Lateral movement via SMB,Lateral movement via SMB,High,Unusual SMB activity from a single host to many destinations,Azure Sentinel,Microsoft,Microsoft Defender,alert-0245,LateralmovementviaSMB,New,High,0.79,0,2026-04-28T18:28:37Z,2026-04-28T18:51:37Z,"[{""Type"": ""host"", ""HostName"": ""LAP-SALES-03""}]",LateralMovement,T1021.002,2026-04-28T18:51:42Z,SecurityAlert
2026-04-28T18:48:08Z,Suspicious scheduled task,Suspicious scheduled task,Medium,Schtasks created with binary in ProgramData,Azure Sentinel,Microsoft,Microsoft Defender,alert-0246,Suspiciousscheduledtask,New,High,0.67,0,2026-04-28T18:48:08Z,2026-04-28T19:11:08Z,"[{""Type"": ""host"", ""HostName"": ""WS-FIN-02""}]",Persistence,T1053.005,2026-04-28T19:11:13Z,SecurityAlert
2026-04-28T18:55:10Z,DNS tunneling indicator,DNS tunneling indicator,Medium,High volume of TXT-record queries to an uncommon domain,Azure Sentinel,Microsoft,Microsoft Defender,alert-0247,DNStunnelingindicator,InProgress,High,0.82,0,2026-04-28T18:55:10Z,2026-04-28T19:13:10Z,"[{""Type"": ""host"", ""HostName"": ""WS-RECEPTION-01""}]",CommandAndControl,T1071.004,2026-04-28T19:13:15Z,SecurityAlert
2026-04-28T18:56:40Z,Credential dumping detected,Credential dumping detected,High,lsass.exe memory access from an untrusted process,Azure Sentinel,Microsoft,Microsoft Defender,alert-0248,Credentialdumpingdetected,New,High,0.84,0,2026-04-28T18:56:40Z,2026-04-28T19:01:40Z,"[{""Type"": ""host"", ""HostName"": ""WS-FINANCE-01""}]",CredentialAccess,T1003.001,2026-04-28T19:01:45Z,SecurityAlert
2026-04-28T19:02:34Z,DNS tunneling indicator,DNS tunneling indicator,Medium,High volume of TXT-record queries to an uncommon domain,Azure Sentinel,Microsoft,Microsoft Defender,alert-0249,DNStunnelingindicator,New,High,0.91,0,2026-04-28T19:02:34Z,2026-04-28T19:11:34Z,"[{""Type"": ""host"", ""HostName"": ""WS-ENG-01""}]",CommandAndControl,T1071.004,2026-04-28T19:11:39Z,SecurityAlert
2026-04-28T19:05:40Z,Suspicious PowerShell execution,Suspicious PowerShell execution,Medium,Detected suspicious PowerShell EncodedCommand,Azure Sentinel,Microsoft,Microsoft Defender,alert-0250,SuspiciousPowerShellexecution,New,High,0.87,0,2026-04-28T19:05:40Z,2026-04-28T19:08:40Z,"[{""Type"": ""host"", ""HostName"": ""WS-FIN-02""}]",Execution,T1059.001,2026-04-28T19:08:45Z,SecurityAlert
2026-04-28T19:37:56Z,Suspicious PowerShell execution,Suspicious PowerShell execution,Medium,Detected suspicious PowerShell EncodedCommand,Azure Sentinel,Microsoft,Microsoft Defender,alert-0251,SuspiciousPowerShellexecution,New,High,0.89,0,2026-04-28T19:37:56Z,2026-04-28T19:59:56Z,"[{""Type"": ""host"", ""HostName"": ""LAP-EXEC-01""}]",Execution,T1059.001,2026-04-28T20:00:01Z,SecurityAlert
2026-04-28T19:38:02Z,Anomalous sign-in from unfamiliar location,Anomalous sign-in from unfamiliar location,Medium,User signed in from a country not previously seen,Azure Sentinel,Microsoft,Microsoft Defender,alert-0252,Anomaloussign-infromunfamiliarlocation,Resolved,High,0.70,0,2026-04-28T19:38:02Z,2026-04-28T19:47:02Z,"[{""Type"": ""host"", ""HostName"": ""LAP-EXEC-01""}]",InitialAccess,T1078,2026-04-28T19:47:07Z,SecurityAlert
2026-04-28T19:38:39Z,Suspicious scheduled task,Suspicious scheduled task,Medium,Schtasks created with binary in ProgramData,Azure Sentinel,Microsoft,Microsoft Defender,alert-0253,Suspiciousscheduledtask,Resolved,High,0.84,0,2026-04-28T19:38:39Z,2026-04-28T19:46:39Z,"[{""Type"": ""host"", ""HostName"": ""WS-MKT-01""}]",Persistence,T1053.005,2026-04-28T19:46:44Z,SecurityAlert
2026-04-28T19:40:17Z,Anomalous sign-in from unfamiliar location,Anomalous sign-in from unfamiliar location,Medium,User signed in from a country not previously seen,Azure Sentinel,Microsoft,Microsoft Defender,alert-0254,Anomaloussign-infromunfamiliarlocation,Resolved,High,0.93,0,2026-04-28T19:40:17Z,2026-04-28T19:41:17Z,"[{""Type"": ""host"", ""HostName"": ""WS-IT-02""}]",InitialAccess,T1078,2026-04-28T19:41:22Z,SecurityAlert
2026-04-28T20:00:53Z,Lateral movement via SMB,Lateral movement via SMB,High,Unusual SMB activity from a single host to many destinations,Azure Sentinel,Microsoft,Microsoft Defender,alert-0255,LateralmovementviaSMB,Resolved,High,0.67,0,2026-04-28T20:00:53Z,2026-04-28T20:04:53Z,"[{""Type"": ""host"", ""HostName"": ""WS-FINANCE-01""}]",LateralMovement,T1021.002,2026-04-28T20:04:58Z,SecurityAlert
2026-04-28T20:02:06Z,Suspicious scheduled task,Suspicious scheduled task,Medium,Schtasks created with binary in ProgramData,Azure Sentinel,Microsoft,Microsoft Defender,alert-0256,Suspiciousscheduledtask,InProgress,High,0.77,0,2026-04-28T20:02:06Z,2026-04-28T20:05:06Z,"[{""Type"": ""host"", ""HostName"": ""WS-RECEPTION-01""}]",Persistence,T1053.005,2026-04-28T20:05:11Z,SecurityAlert
2026-04-28T20:15:50Z,Lateral movement via SMB,Lateral movement via SMB,High,Unusual SMB activity from a single host to many destinations,Azure Sentinel,Microsoft,Microsoft Defender,alert-0257,LateralmovementviaSMB,Resolved,High,0.79,0,2026-04-28T20:15:50Z,2026-04-28T20:22:50Z,"[{""Type"": ""host"", ""HostName"": ""WS-FIN-03""}]",LateralMovement,T1021.002,2026-04-28T20:22:55Z,SecurityAlert
2026-04-28T20:19:20Z,Possible password spray,Possible password spray,High,A single source IP attempted login to many distinct accounts,Azure Sentinel,Microsoft,Microsoft Defender,alert-0258,Possiblepasswordspray,InProgress,High,0.67,0,2026-04-28T20:19:20Z,2026-04-28T20:42:20Z,"[{""Type"": ""host"", ""HostName"": ""WS-HR-03""}]",CredentialAccess,T1110.003,2026-04-28T20:42:25Z,SecurityAlert
2026-04-28T20:24:54Z,Mass file deletion,Mass file deletion,Low,A user deleted 200+ files within 5 minutes,Azure Sentinel,Microsoft,Microsoft Defender,alert-0259,Massfiledeletion,New,High,0.73,0,2026-04-28T20:24:54Z,2026-04-28T20:52:54Z,"[{""Type"": ""host"", ""HostName"": ""WS-ENG-01""}]",Impact,T1485,2026-04-28T20:52:59Z,SecurityAlert
2026-04-28T20:42:21Z,Suspicious scheduled task,Suspicious scheduled task,Medium,Schtasks created with binary in ProgramData,Azure Sentinel,Microsoft,Microsoft Defender,alert-0260,Suspiciousscheduledtask,New,High,0.60,0,2026-04-28T20:42:21Z,2026-04-28T21:02:21Z,"[{""Type"": ""host"", ""HostName"": ""LAP-EXEC-01""}]",Persistence,T1053.005,2026-04-28T21:02:26Z,SecurityAlert
2026-04-28T20:45:00Z,Anomalous sign-in from unfamiliar location,Anomalous sign-in from unfamiliar location,Medium,User signed in from a country not previously seen,Azure Sentinel,Microsoft,Microsoft Defender,alert-0261,Anomaloussign-infromunfamiliarlocation,New,High,0.86,0,2026-04-28T20:45:00Z,2026-04-28T20:47:00Z,"[{""Type"": ""host"", ""HostName"": ""WS-SUPPORT-01""}]",InitialAccess,T1078,2026-04-28T20:47:05Z,SecurityAlert
2026-04-28T20:46:46Z,Possible password spray,Possible password spray,High,A single source IP attempted login to many distinct accounts,Azure Sentinel,Microsoft,Microsoft Defender,alert-0262,Possiblepasswordspray,InProgress,High,0.81,0,2026-04-28T20:46:46Z,2026-04-28T20:55:46Z,"[{""Type"": ""host"", ""HostName"": ""WS-MKT-01""}]",CredentialAccess,T1110.003,2026-04-28T20:55:51Z,SecurityAlert
2026-04-28T20:50:23Z,Possible password spray,Possible password spray,High,A single source IP attempted login to many distinct accounts,Azure Sentinel,Microsoft,Microsoft Defender,alert-0263,Possiblepasswordspray,InProgress,High,0.86,0,2026-04-28T20:50:23Z,2026-04-28T21:09:23Z,"[{""Type"": ""host"", ""HostName"": ""WS-ENG-01""}]",CredentialAccess,T1110.003,2026-04-28T21:09:28Z,SecurityAlert
2026-04-28T20:51:17Z,Possible password spray,Possible password spray,High,A single source IP attempted login to many distinct accounts,Azure Sentinel,Microsoft,Microsoft Defender,alert-0264,Possiblepasswordspray,New,High,0.82,0,2026-04-28T20:51:17Z,2026-04-28T20:56:17Z,"[{""Type"": ""host"", ""HostName"": ""WS-HR-03""}]",CredentialAccess,T1110.003,2026-04-28T20:56:22Z,SecurityAlert
2026-04-28T20:54:28Z,Suspicious PowerShell execution,Suspicious PowerShell execution,Medium,Detected suspicious PowerShell EncodedCommand,Azure Sentinel,Microsoft,Microsoft Defender,alert-0265,SuspiciousPowerShellexecution,New,High,0.69,0,2026-04-28T20:54:28Z,2026-04-28T21:02:28Z,"[{""Type"": ""host"", ""HostName"": ""WS-FIN-02""}]",Execution,T1059.001,2026-04-28T21:02:33Z,SecurityAlert
2026-04-28T20:59:02Z,Suspicious PowerShell execution,Suspicious PowerShell execution,Medium,Detected suspicious PowerShell EncodedCommand,Azure Sentinel,Microsoft,Microsoft Defender,alert-0266,SuspiciousPowerShellexecution,New,High,0.86,0,2026-04-28T20:59:02Z,2026-04-28T21:24:02Z,"[{""Type"": ""host"", ""HostName"": ""WS-ENG-02""}]",Execution,T1059.001,2026-04-28T21:24:07Z,SecurityAlert
2026-04-28T21:05:53Z,Possible password spray,Possible password spray,High,A single source IP attempted login to many distinct accounts,Azure Sentinel,Microsoft,Microsoft Defender,alert-0267,Possiblepasswordspray,New,High,0.79,0,2026-04-28T21:05:53Z,2026-04-28T21:12:53Z,"[{""Type"": ""host"", ""HostName"": ""WS-IT-01""}]",CredentialAccess,T1110.003,2026-04-28T21:12:58Z,SecurityAlert
2026-04-28T21:06:34Z,Suspicious PowerShell execution,Suspicious PowerShell execution,Medium,Detected suspicious PowerShell EncodedCommand,Azure Sentinel,Microsoft,Microsoft Defender,alert-0268,SuspiciousPowerShellexecution,Resolved,High,0.69,0,2026-04-28T21:06:34Z,2026-04-28T21:29:34Z,"[{""Type"": ""host"", ""HostName"": ""WS-SUPPORT-01""}]",Execution,T1059.001,2026-04-28T21:29:39Z,SecurityAlert
2026-04-28T21:11:48Z,Mass file deletion,Mass file deletion,Low,A user deleted 200+ files within 5 minutes,Azure Sentinel,Microsoft,Microsoft Defender,alert-0269,Massfiledeletion,New,High,0.91,0,2026-04-28T21:11:48Z,2026-04-28T21:18:48Z,"[{""Type"": ""host"", ""HostName"": ""LAP-DEV-06""}]",Impact,T1485,2026-04-28T21:18:53Z,SecurityAlert
2026-04-28T21:14:45Z,Suspicious PowerShell execution,Suspicious PowerShell execution,Medium,Detected suspicious PowerShell EncodedCommand,Azure Sentinel,Microsoft,Microsoft Defender,alert-0270,SuspiciousPowerShellexecution,New,High,0.61,0,2026-04-28T21:14:45Z,2026-04-28T21:17:45Z,"[{""Type"": ""host"", ""HostName"": ""WS-DEV-02""}]",Execution,T1059.001,2026-04-28T21:17:50Z,SecurityAlert
2026-04-28T21:21:25Z,Anomalous sign-in from unfamiliar location,Anomalous sign-in from unfamiliar location,Medium,User signed in from a country not previously seen,Azure Sentinel,Microsoft,Microsoft Defender,alert-0271,Anomaloussign-infromunfamiliarlocation,New,High,0.80,0,2026-04-28T21:21:25Z,2026-04-28T21:49:25Z,"[{""Type"": ""host"", ""HostName"": ""LAP-EXEC-01""}]",InitialAccess,T1078,2026-04-28T21:49:30Z,SecurityAlert
2026-04-28T21:23:00Z,Mass file deletion,Mass file deletion,Low,A user deleted 200+ files within 5 minutes,Azure Sentinel,Microsoft,Microsoft Defender,alert-0272,Massfiledeletion,Resolved,High,0.86,0,2026-04-28T21:23:00Z,2026-04-28T21:24:00Z,"[{""Type"": ""host"", ""HostName"": ""WS-SUPPORT-01""}]",Impact,T1485,2026-04-28T21:24:05Z,SecurityAlert
2026-04-28T21:23:07Z,DNS tunneling indicator,DNS tunneling indicator,Medium,High volume of TXT-record queries to an uncommon domain,Azure Sentinel,Microsoft,Microsoft Defender,alert-0273,DNStunnelingindicator,InProgress,High,0.75,0,2026-04-28T21:23:07Z,2026-04-28T21:48:07Z,"[{""Type"": ""host"", ""HostName"": ""WS-FINANCE-01""}]",CommandAndControl,T1071.004,2026-04-28T21:48:12Z,SecurityAlert
2026-04-28T21:28:29Z,Mass file deletion,Mass file deletion,Low,A user deleted 200+ files within 5 minutes,Azure Sentinel,Microsoft,Microsoft Defender,alert-0274,Massfiledeletion,New,High,0.82,0,2026-04-28T21:28:29Z,2026-04-28T21:33:29Z,"[{""Type"": ""host"", ""HostName"": ""LAP-EXEC-01""}]",Impact,T1485,2026-04-28T21:33:34Z,SecurityAlert
2026-04-28T21:29:08Z,Possible password spray,Possible password spray,High,A single source IP attempted login to many distinct accounts,Azure Sentinel,Microsoft,Microsoft Defender,alert-0275,Possiblepasswordspray,New,High,0.67,0,2026-04-28T21:29:08Z,2026-04-28T21:39:08Z,"[{""Type"": ""host"", ""HostName"": ""SVR-DC-01""}]",CredentialAccess,T1110.003,2026-04-28T21:39:13Z,SecurityAlert
2026-04-28T21:29:25Z,Possible password spray,Possible password spray,High,A single source IP attempted login to many distinct accounts,Azure Sentinel,Microsoft,Microsoft Defender,alert-0276,Possiblepasswordspray,New,High,0.66,0,2026-04-28T21:29:25Z,2026-04-28T21:35:25Z,"[{""Type"": ""host"", ""HostName"": ""LAP-DEV-06""}]",CredentialAccess,T1110.003,2026-04-28T21:35:30Z,SecurityAlert
2026-04-28T21:35:14Z,Suspicious scheduled task,Suspicious scheduled task,Medium,Schtasks created with binary in ProgramData,Azure Sentinel,Microsoft,Microsoft Defender,alert-0277,Suspiciousscheduledtask,InProgress,High,0.98,0,2026-04-28T21:35:14Z,2026-04-28T22:01:14Z,"[{""Type"": ""host"", ""HostName"": ""WS-FIN-02""}]",Persistence,T1053.005,2026-04-28T22:01:19Z,SecurityAlert
2026-04-28T21:41:20Z,Mass file deletion,Mass file deletion,Low,A user deleted 200+ files within 5 minutes,Azure Sentinel,Microsoft,Microsoft Defender,alert-0278,Massfiledeletion,Resolved,High,0.73,0,2026-04-28T21:41:20Z,2026-04-28T21:54:20Z,"[{""Type"": ""host"", ""HostName"": ""WS-OPS-02""}]",Impact,T1485,2026-04-28T21:54:25Z,SecurityAlert
2026-04-28T21:49:03Z,Suspicious PowerShell execution,Suspicious PowerShell execution,Medium,Detected suspicious PowerShell EncodedCommand,Azure Sentinel,Microsoft,Microsoft Defender,alert-0279,SuspiciousPowerShellexecution,New,High,0.90,0,2026-04-28T21:49:03Z,2026-04-28T22:04:03Z,"[{""Type"": ""host"", ""HostName"": ""WS-RECEPTION-01""}]",Execution,T1059.001,2026-04-28T22:04:08Z,SecurityAlert
2026-04-28T21:50:45Z,Possible password spray,Possible password spray,High,A single source IP attempted login to many distinct accounts,Azure Sentinel,Microsoft,Microsoft Defender,alert-0280,Possiblepasswordspray,InProgress,High,0.90,0,2026-04-28T21:50:45Z,2026-04-28T21:54:45Z,"[{""Type"": ""host"", ""HostName"": ""LAP-DEV-06""}]",CredentialAccess,T1110.003,2026-04-28T21:54:50Z,SecurityAlert
2026-04-28T22:15:07Z,Suspicious scheduled task,Suspicious scheduled task,Medium,Schtasks created with binary in ProgramData,Azure Sentinel,Microsoft,Microsoft Defender,alert-0281,Suspiciousscheduledtask,New,High,0.93,0,2026-04-28T22:15:07Z,2026-04-28T22:33:07Z,"[{""Type"": ""host"", ""HostName"": ""WS-OPS-01""}]",Persistence,T1053.005,2026-04-28T22:33:12Z,SecurityAlert
2026-04-28T22:16:45Z,Anomalous sign-in from unfamiliar location,Anomalous sign-in from unfamiliar location,Medium,User signed in from a country not previously seen,Azure Sentinel,Microsoft,Microsoft Defender,alert-0282,Anomaloussign-infromunfamiliarlocation,New,High,0.75,0,2026-04-28T22:16:45Z,2026-04-28T22:21:45Z,"[{""Type"": ""host"", ""HostName"": ""WS-ENG-01""}]",InitialAccess,T1078,2026-04-28T22:21:50Z,SecurityAlert
2026-04-28T22:23:41Z,Credential dumping detected,Credential dumping detected,High,lsass.exe memory access from an untrusted process,Azure Sentinel,Microsoft,Microsoft Defender,alert-0283,Credentialdumpingdetected,Resolved,High,0.63,0,2026-04-28T22:23:41Z,2026-04-28T22:35:41Z,"[{""Type"": ""host"", ""HostName"": ""LAP-EXEC-01""}]",CredentialAccess,T1003.001,2026-04-28T22:35:46Z,SecurityAlert
2026-04-28T22:24:43Z,Anomalous sign-in from unfamiliar location,Anomalous sign-in from unfamiliar location,Medium,User signed in from a country not previously seen,Azure Sentinel,Microsoft,Microsoft Defender,alert-0284,Anomaloussign-infromunfamiliarlocation,New,High,0.62,0,2026-04-28T22:24:43Z,2026-04-28T22:31:43Z,"[{""Type"": ""host"", ""HostName"": ""WS-RECEPTION-01""}]",InitialAccess,T1078,2026-04-28T22:31:48Z,SecurityAlert
2026-04-28T22:27:44Z,Lateral movement via SMB,Lateral movement via SMB,High,Unusual SMB activity from a single host to many destinations,Azure Sentinel,Microsoft,Microsoft Defender,alert-0285,LateralmovementviaSMB,New,High,0.84,0,2026-04-28T22:27:44Z,2026-04-28T22:45:44Z,"[{""Type"": ""host"", ""HostName"": ""SVR-WEB-01""}]",LateralMovement,T1021.002,2026-04-28T22:45:49Z,SecurityAlert
2026-04-28T22:28:50Z,Anomalous sign-in from unfamiliar location,Anomalous sign-in from unfamiliar location,Medium,User signed in from a country not previously seen,Azure Sentinel,Microsoft,Microsoft Defender,alert-0286,Anomaloussign-infromunfamiliarlocation,InProgress,High,0.77,0,2026-04-28T22:28:50Z,2026-04-28T22:31:50Z,"[{""Type"": ""host"", ""HostName"": ""WS-DEV-02""}]",InitialAccess,T1078,2026-04-28T22:31:55Z,SecurityAlert
2026-04-28T22:30:29Z,Suspicious PowerShell execution,Suspicious PowerShell execution,Medium,Detected suspicious PowerShell EncodedCommand,Azure Sentinel,Microsoft,Microsoft Defender,alert-0287,SuspiciousPowerShellexecution,InProgress,High,0.75,0,2026-04-28T22:30:29Z,2026-04-28T22:41:29Z,"[{""Type"": ""host"", ""HostName"": ""WS-SUPPORT-01""}]",Execution,T1059.001,2026-04-28T22:41:34Z,SecurityAlert
2026-04-28T22:44:33Z,Anomalous sign-in from unfamiliar location,Anomalous sign-in from unfamiliar location,Medium,User signed in from a country not previously seen,Azure Sentinel,Microsoft,Microsoft Defender,alert-0288,Anomaloussign-infromunfamiliarlocation,Resolved,High,0.83,0,2026-04-28T22:44:33Z,2026-04-28T23:13:33Z,"[{""Type"": ""host"", ""HostName"": ""WS-MKT-01""}]",InitialAccess,T1078,2026-04-28T23:13:38Z,SecurityAlert
2026-04-28T22:50:54Z,Anomalous sign-in from unfamiliar location,Anomalous sign-in from unfamiliar location,Medium,User signed in from a country not previously seen,Azure Sentinel,Microsoft,Microsoft Defender,alert-0289,Anomaloussign-infromunfamiliarlocation,New,High,0.71,0,2026-04-28T22:50:54Z,2026-04-28T22:59:54Z,"[{""Type"": ""host"", ""HostName"": ""LAP-SALES-04""}]",InitialAccess,T1078,2026-04-28T22:59:59Z,SecurityAlert
2026-04-28T23:22:20Z,Anomalous sign-in from unfamiliar location,Anomalous sign-in from unfamiliar location,Medium,User signed in from a country not previously seen,Azure Sentinel,Microsoft,Microsoft Defender,alert-0290,Anomaloussign-infromunfamiliarlocation,InProgress,High,0.90,0,2026-04-28T23:22:20Z,2026-04-28T23:42:20Z,"[{""Type"": ""host"", ""HostName"": ""WS-FIN-02""}]",InitialAccess,T1078,2026-04-28T23:42:25Z,SecurityAlert
2026-04-28T23:25:43Z,Mass file deletion,Mass file deletion,Low,A user deleted 200+ files within 5 minutes,Azure Sentinel,Microsoft,Microsoft Defender,alert-0291,Massfiledeletion,Resolved,High,0.95,0,2026-04-28T23:25:43Z,2026-04-28T23:37:43Z,"[{""Type"": ""host"", ""HostName"": ""WS-ENG-01""}]",Impact,T1485,2026-04-28T23:37:48Z,SecurityAlert
2026-04-28T23:31:50Z,Mass file deletion,Mass file deletion,Low,A user deleted 200+ files within 5 minutes,Azure Sentinel,Microsoft,Microsoft Defender,alert-0292,Massfiledeletion,New,High,0.62,0,2026-04-28T23:31:50Z,2026-04-28T23:46:50Z,"[{""Type"": ""host"", ""HostName"": ""WS-SUPPORT-01""}]",Impact,T1485,2026-04-28T23:46:55Z,SecurityAlert
2026-04-28T23:57:27Z,Possible password spray,Possible password spray,High,A single source IP attempted login to many distinct accounts,Azure Sentinel,Microsoft,Microsoft Defender,alert-0293,Possiblepasswordspray,New,High,0.67,0,2026-04-28T23:57:27Z,2026-04-29T00:04:27Z,"[{""Type"": ""host"", ""HostName"": ""WS-MKT-01""}]",CredentialAccess,T1110.003,2026-04-29T00:04:32Z,SecurityAlert
2026-04-29T00:00:58Z,Mass file deletion,Mass file deletion,Low,A user deleted 200+ files within 5 minutes,Azure Sentinel,Microsoft,Microsoft Defender,alert-0294,Massfiledeletion,New,High,0.84,0,2026-04-29T00:00:58Z,2026-04-29T00:02:58Z,"[{""Type"": ""host"", ""HostName"": ""WS-MKT-01""}]",Impact,T1485,2026-04-29T00:03:03Z,SecurityAlert
2026-04-29T00:01:30Z,Possible password spray,Possible password spray,High,A single source IP attempted login to many distinct accounts,Azure Sentinel,Microsoft,Microsoft Defender,alert-0295,Possiblepasswordspray,New,High,0.99,0,2026-04-29T00:01:30Z,2026-04-29T00:16:30Z,"[{""Type"": ""host"", ""HostName"": ""WS-IT-01""}]",CredentialAccess,T1110.003,2026-04-29T00:16:35Z,SecurityAlert
2026-04-29T00:05:13Z,Credential dumping detected,Credential dumping detected,High,lsass.exe memory access from an untrusted process,Azure Sentinel,Microsoft,Microsoft Defender,alert-0296,Credentialdumpingdetected,Resolved,High,0.83,0,2026-04-29T00:05:13Z,2026-04-29T00:29:13Z,"[{""Type"": ""host"", ""HostName"": ""WS-OPS-01""}]",CredentialAccess,T1003.001,2026-04-29T00:29:18Z,SecurityAlert
2026-04-29T00:05:52Z,Possible password spray,Possible password spray,High,A single source IP attempted login to many distinct accounts,Azure Sentinel,Microsoft,Microsoft Defender,alert-0297,Possiblepasswordspray,InProgress,High,0.81,0,2026-04-29T00:05:52Z,2026-04-29T00:11:52Z,"[{""Type"": ""host"", ""HostName"": ""SVR-WEB-01""}]",CredentialAccess,T1110.003,2026-04-29T00:11:57Z,SecurityAlert
2026-04-29T00:12:47Z,Lateral movement via SMB,Lateral movement via SMB,High,Unusual SMB activity from a single host to many destinations,Azure Sentinel,Microsoft,Microsoft Defender,alert-0298,LateralmovementviaSMB,New,High,0.74,0,2026-04-29T00:12:47Z,2026-04-29T00:16:47Z,"[{""Type"": ""host"", ""HostName"": ""WS-MKT-02""}]",LateralMovement,T1021.002,2026-04-29T00:16:52Z,SecurityAlert
2026-04-29T00:19:26Z,DNS tunneling indicator,DNS tunneling indicator,Medium,High volume of TXT-record queries to an uncommon domain,Azure Sentinel,Microsoft,Microsoft Defender,alert-0299,DNStunnelingindicator,New,High,0.89,0,2026-04-29T00:19:26Z,2026-04-29T00:34:26Z,"[{""Type"": ""host"", ""HostName"": ""WS-OPS-02""}]",CommandAndControl,T1071.004,2026-04-29T00:34:31Z,SecurityAlert
2026-04-29T00:20:01Z,Credential dumping detected,Credential dumping detected,High,lsass.exe memory access from an untrusted process,Azure Sentinel,Microsoft,Microsoft Defender,alert-0300,Credentialdumpingdetected,New,High,0.91,0,2026-04-29T00:20:01Z,2026-04-29T00:47:01Z,"[{""Type"": ""host"", ""HostName"": ""LAP-SALES-04""}]",CredentialAccess,T1003.001,2026-04-29T00:47:06Z,SecurityAlert
2026-04-29T00:45:12Z,DNS tunneling indicator,DNS tunneling indicator,Medium,High volume of TXT-record queries to an uncommon domain,Azure Sentinel,Microsoft,Microsoft Defender,alert-0301,DNStunnelingindicator,New,High,0.77,0,2026-04-29T00:45:12Z,2026-04-29T00:51:12Z,"[{""Type"": ""host"", ""HostName"": ""WS-RECEPTION-01""}]",CommandAndControl,T1071.004,2026-04-29T00:51:17Z,SecurityAlert
2026-04-29T00:53:01Z,Possible password spray,Possible password spray,High,A single source IP attempted login to many distinct accounts,Azure Sentinel,Microsoft,Microsoft Defender,alert-0302,Possiblepasswordspray,New,High,0.95,0,2026-04-29T00:53:01Z,2026-04-29T01:07:01Z,"[{""Type"": ""host"", ""HostName"": ""WS-OPS-01""}]",CredentialAccess,T1110.003,2026-04-29T01:07:06Z,SecurityAlert
2026-04-29T01:04:34Z,First-time process,First-time process,Low,Detected First-time process,Microsoft Defender,Microsoft,Microsoft Defender,alert-106,First-timeprocess,New,High,0.95,0,2026-04-29T01:04:34Z,2026-04-29T01:09:34Z,"[{""Type"": ""host"", ""HostName"": ""WS-FINANCE-01""}]",Discovery,T1083,2026-04-29T01:05:34Z,SecurityAlert
2026-04-29T01:13:06Z,Credential dumping detected,Credential dumping detected,High,lsass.exe memory access from an untrusted process,Azure Sentinel,Microsoft,Microsoft Defender,alert-0303,Credentialdumpingdetected,New,High,0.77,0,2026-04-29T01:13:06Z,2026-04-29T01:18:06Z,"[{""Type"": ""host"", ""HostName"": ""WS-FINANCE-01""}]",CredentialAccess,T1003.001,2026-04-29T01:18:11Z,SecurityAlert
2026-04-29T01:25:18Z,Mass file deletion,Mass file deletion,Low,A user deleted 200+ files within 5 minutes,Azure Sentinel,Microsoft,Microsoft Defender,alert-0304,Massfiledeletion,New,High,0.68,0,2026-04-29T01:25:18Z,2026-04-29T01:26:18Z,"[{""Type"": ""host"", ""HostName"": ""WS-MKT-02""}]",Impact,T1485,2026-04-29T01:26:23Z,SecurityAlert
2026-04-29T01:53:48Z,DNS tunneling indicator,DNS tunneling indicator,Medium,High volume of TXT-record queries to an uncommon domain,Azure Sentinel,Microsoft,Microsoft Defender,alert-0305,DNStunnelingindicator,New,High,0.91,0,2026-04-29T01:53:48Z,2026-04-29T02:05:48Z,"[{""Type"": ""host"", ""HostName"": ""LAP-SALES-04""}]",CommandAndControl,T1071.004,2026-04-29T02:05:53Z,SecurityAlert
2026-04-29T02:02:09Z,DNS tunneling indicator,DNS tunneling indicator,Medium,High volume of TXT-record queries to an uncommon domain,Azure Sentinel,Microsoft,Microsoft Defender,alert-0306,DNStunnelingindicator,New,High,0.60,0,2026-04-29T02:02:09Z,2026-04-29T02:24:09Z,"[{""Type"": ""host"", ""HostName"": ""WS-SUPPORT-01""}]",CommandAndControl,T1071.004,2026-04-29T02:24:14Z,SecurityAlert
2026-04-29T02:08:08Z,Credential dumping detected,Credential dumping detected,High,lsass.exe memory access from an untrusted process,Azure Sentinel,Microsoft,Microsoft Defender,alert-0307,Credentialdumpingdetected,New,High,0.82,0,2026-04-29T02:08:08Z,2026-04-29T02:17:08Z,"[{""Type"": ""host"", ""HostName"": ""LAP-DEV-05""}]",CredentialAccess,T1003.001,2026-04-29T02:17:13Z,SecurityAlert
2026-04-29T02:11:18Z,DNS tunneling indicator,DNS tunneling indicator,Medium,High volume of TXT-record queries to an uncommon domain,Azure Sentinel,Microsoft,Microsoft Defender,alert-0308,DNStunnelingindicator,New,High,0.89,0,2026-04-29T02:11:18Z,2026-04-29T02:32:18Z,"[{""Type"": ""host"", ""HostName"": ""WS-MKT-01""}]",CommandAndControl,T1071.004,2026-04-29T02:32:23Z,SecurityAlert
2026-04-29T02:13:31Z,Suspicious PowerShell execution,Suspicious PowerShell execution,Medium,Detected suspicious PowerShell EncodedCommand,Azure Sentinel,Microsoft,Microsoft Defender,alert-0309,SuspiciousPowerShellexecution,New,High,0.70,0,2026-04-29T02:13:31Z,2026-04-29T02:36:31Z,"[{""Type"": ""host"", ""HostName"": ""WS-FINANCE-01""}]",Execution,T1059.001,2026-04-29T02:36:36Z,SecurityAlert
2026-04-29T02:16:02Z,Suspicious PowerShell execution,Suspicious PowerShell execution,Medium,Detected suspicious PowerShell EncodedCommand,Azure Sentinel,Microsoft,Microsoft Defender,alert-0310,SuspiciousPowerShellexecution,New,High,0.96,0,2026-04-29T02:16:02Z,2026-04-29T02:46:02Z,"[{""Type"": ""host"", ""HostName"": ""LAP-EXEC-01""}]",Execution,T1059.001,2026-04-29T02:46:07Z,SecurityAlert
2026-04-29T02:16:30Z,DNS tunneling indicator,DNS tunneling indicator,Medium,High volume of TXT-record queries to an uncommon domain,Azure Sentinel,Microsoft,Microsoft Defender,alert-0311,DNStunnelingindicator,InProgress,High,0.68,0,2026-04-29T02:16:30Z,2026-04-29T02:24:30Z,"[{""Type"": ""host"", ""HostName"": ""LAP-SALES-04""}]",CommandAndControl,T1071.004,2026-04-29T02:24:35Z,SecurityAlert
2026-04-29T02:18:34Z,Credential dumping detected,Credential dumping detected,High,lsass.exe memory access from an untrusted process,Azure Sentinel,Microsoft,Microsoft Defender,alert-0312,Credentialdumpingdetected,InProgress,High,0.68,0,2026-04-29T02:18:34Z,2026-04-29T02:24:34Z,"[{""Type"": ""host"", ""HostName"": ""WS-FINANCE-01""}]",CredentialAccess,T1003.001,2026-04-29T02:24:39Z,SecurityAlert
2026-04-29T02:19:13Z,DNS tunneling indicator,DNS tunneling indicator,Medium,High volume of TXT-record queries to an uncommon domain,Azure Sentinel,Microsoft,Microsoft Defender,alert-0313,DNStunnelingindicator,New,High,0.66,0,2026-04-29T02:19:13Z,2026-04-29T02:28:13Z,"[{""Type"": ""host"", ""HostName"": ""WS-ENG-01""}]",CommandAndControl,T1071.004,2026-04-29T02:28:18Z,SecurityAlert
2026-04-29T02:25:13Z,Anomalous sign-in from unfamiliar location,Anomalous sign-in from unfamiliar location,Medium,User signed in from a country not previously seen,Azure Sentinel,Microsoft,Microsoft Defender,alert-0314,Anomaloussign-infromunfamiliarlocation,InProgress,High,0.85,0,2026-04-29T02:25:13Z,2026-04-29T02:55:13Z,"[{""Type"": ""host"", ""HostName"": ""LAP-SALES-04""}]",InitialAccess,T1078,2026-04-29T02:55:18Z,SecurityAlert
2026-04-29T02:32:31Z,Suspicious scheduled task,Suspicious scheduled task,Medium,Schtasks created with binary in ProgramData,Azure Sentinel,Microsoft,Microsoft Defender,alert-0315,Suspiciousscheduledtask,New,High,0.87,0,2026-04-29T02:32:31Z,2026-04-29T02:38:31Z,"[{""Type"": ""host"", ""HostName"": ""WS-ENG-01""}]",Persistence,T1053.005,2026-04-29T02:38:36Z,SecurityAlert
2026-04-29T02:43:42Z,Possible password spray,Possible password spray,High,A single source IP attempted login to many distinct accounts,Azure Sentinel,Microsoft,Microsoft Defender,alert-0316,Possiblepasswordspray,InProgress,High,0.68,0,2026-04-29T02:43:42Z,2026-04-29T02:58:42Z,"[{""Type"": ""host"", ""HostName"": ""WS-RECEPTION-01""}]",CredentialAccess,T1110.003,2026-04-29T02:58:47Z,SecurityAlert
2026-04-29T02:45:48Z,Anomalous sign-in from unfamiliar location,Anomalous sign-in from unfamiliar location,Medium,User signed in from a country not previously seen,Azure Sentinel,Microsoft,Microsoft Defender,alert-0317,Anomaloussign-infromunfamiliarlocation,InProgress,High,0.65,0,2026-04-29T02:45:48Z,2026-04-29T03:11:48Z,"[{""Type"": ""host"", ""HostName"": ""WS-OPS-01""}]",InitialAccess,T1078,2026-04-29T03:11:53Z,SecurityAlert
2026-04-29T02:53:25Z,Credential dumping detected,Credential dumping detected,High,lsass.exe memory access from an untrusted process,Azure Sentinel,Microsoft,Microsoft Defender,alert-0318,Credentialdumpingdetected,New,High,0.90,0,2026-04-29T02:53:25Z,2026-04-29T02:57:25Z,"[{""Type"": ""host"", ""HostName"": ""LAP-SALES-04""}]",CredentialAccess,T1003.001,2026-04-29T02:57:30Z,SecurityAlert
2026-04-29T03:04:50Z,Possible password spray,Possible password spray,High,A single source IP attempted login to many distinct accounts,Azure Sentinel,Microsoft,Microsoft Defender,alert-0319,Possiblepasswordspray,InProgress,High,0.85,0,2026-04-29T03:04:50Z,2026-04-29T03:24:50Z,"[{""Type"": ""host"", ""HostName"": ""WS-IT-02""}]",CredentialAccess,T1110.003,2026-04-29T03:24:55Z,SecurityAlert
2026-04-29T03:14:13Z,Credential dumping detected,Credential dumping detected,High,lsass.exe memory access from an untrusted process,Azure Sentinel,Microsoft,Microsoft Defender,alert-0320,Credentialdumpingdetected,New,High,0.78,0,2026-04-29T03:14:13Z,2026-04-29T03:32:13Z,"[{""Type"": ""host"", ""HostName"": ""SVR-WEB-01""}]",CredentialAccess,T1003.001,2026-04-29T03:32:18Z,SecurityAlert
2026-04-29T03:19:59Z,Suspicious scheduled task,Suspicious scheduled task,Medium,Schtasks created with binary in ProgramData,Azure Sentinel,Microsoft,Microsoft Defender,alert-0321,Suspiciousscheduledtask,InProgress,High,0.97,0,2026-04-29T03:19:59Z,2026-04-29T03:48:59Z,"[{""Type"": ""host"", ""HostName"": ""LAP-DEV-05""}]",Persistence,T1053.005,2026-04-29T03:49:04Z,SecurityAlert
2026-04-29T03:25:07Z,Lateral movement via SMB,Lateral movement via SMB,High,Unusual SMB activity from a single host to many destinations,Azure Sentinel,Microsoft,Microsoft Defender,alert-0322,LateralmovementviaSMB,New,High,0.81,0,2026-04-29T03:25:07Z,2026-04-29T03:41:07Z,"[{""Type"": ""host"", ""HostName"": ""WS-MKT-02""}]",LateralMovement,T1021.002,2026-04-29T03:41:12Z,SecurityAlert
2026-04-29T03:27:02Z,Possible password spray,Possible password spray,High,A single source IP attempted login to many distinct accounts,Azure Sentinel,Microsoft,Microsoft Defender,alert-0323,Possiblepasswordspray,New,High,0.90,0,2026-04-29T03:27:02Z,2026-04-29T03:55:02Z,"[{""Type"": ""host"", ""HostName"": ""WS-ENG-02""}]",CredentialAccess,T1110.003,2026-04-29T03:55:07Z,SecurityAlert
2026-04-29T03:42:47Z,Suspicious PowerShell execution,Suspicious PowerShell execution,Medium,Detected suspicious PowerShell EncodedCommand,Azure Sentinel,Microsoft,Microsoft Defender,alert-0324,SuspiciousPowerShellexecution,New,High,0.91,0,2026-04-29T03:42:47Z,2026-04-29T04:02:47Z,"[{""Type"": ""host"", ""HostName"": ""WS-ENG-02""}]",Execution,T1059.001,2026-04-29T04:02:52Z,SecurityAlert
2026-04-29T03:49:55Z,Mass file deletion,Mass file deletion,Low,A user deleted 200+ files within 5 minutes,Azure Sentinel,Microsoft,Microsoft Defender,alert-0325,Massfiledeletion,Resolved,High,0.67,0,2026-04-29T03:49:55Z,2026-04-29T03:50:55Z,"[{""Type"": ""host"", ""HostName"": ""SVR-WEB-01""}]",Impact,T1485,2026-04-29T03:51:00Z,SecurityAlert
2026-04-29T03:49:59Z,Suspicious PowerShell execution,Suspicious PowerShell execution,Medium,Detected suspicious PowerShell EncodedCommand,Azure Sentinel,Microsoft,Microsoft Defender,alert-0326,SuspiciousPowerShellexecution,New,High,0.83,0,2026-04-29T03:49:59Z,2026-04-29T04:12:59Z,"[{""Type"": ""host"", ""HostName"": ""WS-RECEPTION-01""}]",Execution,T1059.001,2026-04-29T04:13:04Z,SecurityAlert
2026-04-29T04:04:13Z,DNS tunneling indicator,DNS tunneling indicator,Medium,High volume of TXT-record queries to an uncommon domain,Azure Sentinel,Microsoft,Microsoft Defender,alert-0327,DNStunnelingindicator,New,High,0.91,0,2026-04-29T04:04:13Z,2026-04-29T04:30:13Z,"[{""Type"": ""host"", ""HostName"": ""WS-ENG-02""}]",CommandAndControl,T1071.004,2026-04-29T04:30:18Z,SecurityAlert
2026-04-29T04:24:28Z,Suspicious scheduled task,Suspicious scheduled task,Medium,Schtasks created with binary in ProgramData,Azure Sentinel,Microsoft,Microsoft Defender,alert-0328,Suspiciousscheduledtask,New,High,0.68,0,2026-04-29T04:24:28Z,2026-04-29T04:37:28Z,"[{""Type"": ""host"", ""HostName"": ""WS-SUPPORT-01""}]",Persistence,T1053.005,2026-04-29T04:37:33Z,SecurityAlert
2026-04-29T04:25:05Z,Credential dumping detected,Credential dumping detected,High,lsass.exe memory access from an untrusted process,Azure Sentinel,Microsoft,Microsoft Defender,alert-0329,Credentialdumpingdetected,InProgress,High,0.70,0,2026-04-29T04:25:05Z,2026-04-29T04:37:05Z,"[{""Type"": ""host"", ""HostName"": ""WS-OPS-02""}]",CredentialAccess,T1003.001,2026-04-29T04:37:10Z,SecurityAlert
2026-04-29T04:26:33Z,Outbound to unusual port,Outbound to unusual port,Low,Detected Outbound to unusual port,Microsoft Defender,Microsoft,Microsoft Defender,alert-102,Outboundtounusualport,New,High,0.95,0,2026-04-29T04:26:33Z,2026-04-29T04:31:33Z,"[{""Type"": ""host"", ""HostName"": ""WS-FINANCE-01""}]",Discovery,T1083,2026-04-29T04:27:33Z,SecurityAlert
2026-04-29T04:34:18Z,Credential dumping detected,Credential dumping detected,High,lsass.exe memory access from an untrusted process,Azure Sentinel,Microsoft,Microsoft Defender,alert-0330,Credentialdumpingdetected,New,High,0.94,0,2026-04-29T04:34:18Z,2026-04-29T04:59:18Z,"[{""Type"": ""host"", ""HostName"": ""WS-FINANCE-01""}]",CredentialAccess,T1003.001,2026-04-29T04:59:23Z,SecurityAlert
2026-04-29T04:35:22Z,Suspicious scheduled task,Suspicious scheduled task,Medium,Schtasks created with binary in ProgramData,Azure Sentinel,Microsoft,Microsoft Defender,alert-0331,Suspiciousscheduledtask,New,High,0.68,0,2026-04-29T04:35:22Z,2026-04-29T04:52:22Z,"[{""Type"": ""host"", ""HostName"": ""WS-FIN-03""}]",Persistence,T1053.005,2026-04-29T04:52:27Z,SecurityAlert
2026-04-29T04:35:45Z,Suspicious PowerShell execution,Suspicious PowerShell execution,Medium,Detected suspicious PowerShell EncodedCommand,Azure Sentinel,Microsoft,Microsoft Defender,alert-0332,SuspiciousPowerShellexecution,New,High,0.88,0,2026-04-29T04:35:45Z,2026-04-29T05:01:45Z,"[{""Type"": ""host"", ""HostName"": ""WS-MKT-02""}]",Execution,T1059.001,2026-04-29T05:01:50Z,SecurityAlert
2026-04-29T04:42:50Z,Mass file deletion,Mass file deletion,Low,A user deleted 200+ files within 5 minutes,Azure Sentinel,Microsoft,Microsoft Defender,alert-0333,Massfiledeletion,New,High,0.85,0,2026-04-29T04:42:50Z,2026-04-29T04:52:50Z,"[{""Type"": ""host"", ""HostName"": ""LAP-DEV-06""}]",Impact,T1485,2026-04-29T04:52:55Z,SecurityAlert
2026-04-29T05:01:14Z,Lateral movement via SMB,Lateral movement via SMB,High,Unusual SMB activity from a single host to many destinations,Azure Sentinel,Microsoft,Microsoft Defender,alert-0334,LateralmovementviaSMB,InProgress,High,0.83,0,2026-04-29T05:01:14Z,2026-04-29T05:06:14Z,"[{""Type"": ""host"", ""HostName"": ""WS-FINANCE-01""}]",LateralMovement,T1021.002,2026-04-29T05:06:19Z,SecurityAlert
2026-04-29T05:09:30Z,Lateral movement via SMB,Lateral movement via SMB,High,Unusual SMB activity from a single host to many destinations,Azure Sentinel,Microsoft,Microsoft Defender,alert-0335,LateralmovementviaSMB,New,High,0.68,0,2026-04-29T05:09:30Z,2026-04-29T05:31:30Z,"[{""Type"": ""host"", ""HostName"": ""WS-FIN-02""}]",LateralMovement,T1021.002,2026-04-29T05:31:35Z,SecurityAlert
2026-04-29T05:19:48Z,Suspicious PowerShell execution,Suspicious PowerShell execution,Medium,Detected suspicious PowerShell EncodedCommand,Azure Sentinel,Microsoft,Microsoft Defender,alert-0336,SuspiciousPowerShellexecution,New,High,0.91,0,2026-04-29T05:19:48Z,2026-04-29T05:24:48Z,"[{""Type"": ""host"", ""HostName"": ""SVR-WEB-01""}]",Execution,T1059.001,2026-04-29T05:24:53Z,SecurityAlert
2026-04-29T05:43:53Z,DNS tunneling indicator,DNS tunneling indicator,Medium,High volume of TXT-record queries to an uncommon domain,Azure Sentinel,Microsoft,Microsoft Defender,alert-0337,DNStunnelingindicator,New,High,0.66,0,2026-04-29T05:43:53Z,2026-04-29T05:48:53Z,"[{""Type"": ""host"", ""HostName"": ""LAP-DEV-05""}]",CommandAndControl,T1071.004,2026-04-29T05:48:58Z,SecurityAlert
2026-04-29T05:44:34Z,Suspicious PowerShell execution,Suspicious PowerShell execution,Medium,Detected suspicious PowerShell EncodedCommand,Azure Sentinel,Microsoft,Microsoft Defender,alert-0338,SuspiciousPowerShellexecution,Resolved,High,0.89,0,2026-04-29T05:44:34Z,2026-04-29T05:52:34Z,"[{""Type"": ""host"", ""HostName"": ""WS-SUPPORT-01""}]",Execution,T1059.001,2026-04-29T05:52:39Z,SecurityAlert
2026-04-29T05:54:32Z,Anomalous sign-in from unfamiliar location,Anomalous sign-in from unfamiliar location,Medium,User signed in from a country not previously seen,Azure Sentinel,Microsoft,Microsoft Defender,alert-0339,Anomaloussign-infromunfamiliarlocation,New,High,0.98,0,2026-04-29T05:54:32Z,2026-04-29T06:00:32Z,"[{""Type"": ""host"", ""HostName"": ""LAP-SALES-04""}]",InitialAccess,T1078,2026-04-29T06:00:37Z,SecurityAlert
2026-04-29T05:55:58Z,Suspicious scheduled task,Suspicious scheduled task,Medium,Schtasks created with binary in ProgramData,Azure Sentinel,Microsoft,Microsoft Defender,alert-0340,Suspiciousscheduledtask,New,High,0.75,0,2026-04-29T05:55:58Z,2026-04-29T05:58:58Z,"[{""Type"": ""host"", ""HostName"": ""WS-OPS-01""}]",Persistence,T1053.005,2026-04-29T05:59:03Z,SecurityAlert
2026-04-29T06:08:40Z,DNS tunneling indicator,DNS tunneling indicator,Medium,High volume of TXT-record queries to an uncommon domain,Azure Sentinel,Microsoft,Microsoft Defender,alert-0341,DNStunnelingindicator,New,High,0.79,0,2026-04-29T06:08:40Z,2026-04-29T06:29:40Z,"[{""Type"": ""host"", ""HostName"": ""WS-MKT-02""}]",CommandAndControl,T1071.004,2026-04-29T06:29:45Z,SecurityAlert
2026-04-29T06:11:27Z,Suspicious scheduled task,Suspicious scheduled task,Medium,Schtasks created with binary in ProgramData,Azure Sentinel,Microsoft,Microsoft Defender,alert-0342,Suspiciousscheduledtask,Resolved,High,0.82,0,2026-04-29T06:11:27Z,2026-04-29T06:31:27Z,"[{""Type"": ""host"", ""HostName"": ""WS-MKT-01""}]",Persistence,T1053.005,2026-04-29T06:31:32Z,SecurityAlert
2026-04-29T06:22:38Z,Credential dumping detected,Credential dumping detected,High,lsass.exe memory access from an untrusted process,Azure Sentinel,Microsoft,Microsoft Defender,alert-0343,Credentialdumpingdetected,New,High,0.62,0,2026-04-29T06:22:38Z,2026-04-29T06:51:38Z,"[{""Type"": ""host"", ""HostName"": ""WS-OPS-01""}]",CredentialAccess,T1003.001,2026-04-29T06:51:43Z,SecurityAlert
2026-04-29T06:31:11Z,Possible password spray,Possible password spray,High,A single source IP attempted login to many distinct accounts,Azure Sentinel,Microsoft,Microsoft Defender,alert-0344,Possiblepasswordspray,InProgress,High,0.77,0,2026-04-29T06:31:11Z,2026-04-29T06:51:11Z,"[{""Type"": ""host"", ""HostName"": ""WS-HR-03""}]",CredentialAccess,T1110.003,2026-04-29T06:51:16Z,SecurityAlert
2026-04-29T06:46:46Z,Mass file deletion,Mass file deletion,Low,A user deleted 200+ files within 5 minutes,Azure Sentinel,Microsoft,Microsoft Defender,alert-0345,Massfiledeletion,Resolved,High,0.67,0,2026-04-29T06:46:46Z,2026-04-29T07:02:46Z,"[{""Type"": ""host"", ""HostName"": ""LAP-EXEC-01""}]",Impact,T1485,2026-04-29T07:02:51Z,SecurityAlert
2026-04-29T06:50:18Z,Suspicious scheduled task,Suspicious scheduled task,Medium,Schtasks created with binary in ProgramData,Azure Sentinel,Microsoft,Microsoft Defender,alert-0346,Suspiciousscheduledtask,New,High,0.95,0,2026-04-29T06:50:18Z,2026-04-29T07:15:18Z,"[{""Type"": ""host"", ""HostName"": ""WS-MKT-01""}]",Persistence,T1053.005,2026-04-29T07:15:23Z,SecurityAlert
2026-04-29T06:55:28Z,Lateral movement via SMB,Lateral movement via SMB,High,Unusual SMB activity from a single host to many destinations,Azure Sentinel,Microsoft,Microsoft Defender,alert-0347,LateralmovementviaSMB,InProgress,High,0.98,0,2026-04-29T06:55:28Z,2026-04-29T07:17:28Z,"[{""Type"": ""host"", ""HostName"": ""WS-FINANCE-01""}]",LateralMovement,T1021.002,2026-04-29T07:17:33Z,SecurityAlert
2026-04-29T06:59:12Z,Lateral movement via SMB,Lateral movement via SMB,High,Unusual SMB activity from a single host to many destinations,Azure Sentinel,Microsoft,Microsoft Defender,alert-0348,LateralmovementviaSMB,Resolved,High,0.67,0,2026-04-29T06:59:12Z,2026-04-29T07:00:12Z,"[{""Type"": ""host"", ""HostName"": ""LAP-SALES-04""}]",LateralMovement,T1021.002,2026-04-29T07:00:17Z,SecurityAlert
2026-04-29T06:59:41Z,Anomalous sign-in from unfamiliar location,Anomalous sign-in from unfamiliar location,Medium,User signed in from a country not previously seen,Azure Sentinel,Microsoft,Microsoft Defender,alert-0349,Anomaloussign-infromunfamiliarlocation,New,High,0.62,0,2026-04-29T06:59:41Z,2026-04-29T07:22:41Z,"[{""Type"": ""host"", ""HostName"": ""LAP-DEV-06""}]",InitialAccess,T1078,2026-04-29T07:22:46Z,SecurityAlert
2026-04-29T07:09:09Z,DNS tunneling indicator,DNS tunneling indicator,Medium,High volume of TXT-record queries to an uncommon domain,Azure Sentinel,Microsoft,Microsoft Defender,alert-0350,DNStunnelingindicator,New,High,0.60,0,2026-04-29T07:09:09Z,2026-04-29T07:15:09Z,"[{""Type"": ""host"", ""HostName"": ""WS-LEGAL-01""}]",CommandAndControl,T1071.004,2026-04-29T07:15:14Z,SecurityAlert
2026-04-29T07:16:13Z,Outbound to unusual port,Outbound to unusual port,Low,Detected Outbound to unusual port,Microsoft Defender,Microsoft,Microsoft Defender,alert-103,Outboundtounusualport,New,High,0.95,0,2026-04-29T07:16:13Z,2026-04-29T07:21:13Z,"[{""Type"": ""host"", ""HostName"": ""WS-HR-03""}]",Discovery,T1083,2026-04-29T07:17:13Z,SecurityAlert
2026-04-29T07:19:58Z,Lateral movement via SMB,Lateral movement via SMB,High,Unusual SMB activity from a single host to many destinations,Azure Sentinel,Microsoft,Microsoft Defender,alert-0351,LateralmovementviaSMB,InProgress,High,0.87,0,2026-04-29T07:19:58Z,2026-04-29T07:44:58Z,"[{""Type"": ""host"", ""HostName"": ""WS-FIN-03""}]",LateralMovement,T1021.002,2026-04-29T07:45:03Z,SecurityAlert
2026-04-29T07:24:48Z,Anomalous sign-in from unfamiliar location,Anomalous sign-in from unfamiliar location,Medium,User signed in from a country not previously seen,Azure Sentinel,Microsoft,Microsoft Defender,alert-0352,Anomaloussign-infromunfamiliarlocation,InProgress,High,0.76,0,2026-04-29T07:24:48Z,2026-04-29T07:49:48Z,"[{""Type"": ""host"", ""HostName"": ""WS-MKT-01""}]",InitialAccess,T1078,2026-04-29T07:49:53Z,SecurityAlert
2026-04-29T07:26:10Z,Suspicious scheduled task,Suspicious scheduled task,Medium,Schtasks created with binary in ProgramData,Azure Sentinel,Microsoft,Microsoft Defender,alert-0353,Suspiciousscheduledtask,New,High,0.91,0,2026-04-29T07:26:10Z,2026-04-29T07:48:10Z,"[{""Type"": ""host"", ""HostName"": ""WS-FIN-03""}]",Persistence,T1053.005,2026-04-29T07:48:15Z,SecurityAlert
2026-04-29T07:29:57Z,Credential dumping detected,Credential dumping detected,High,lsass.exe memory access from an untrusted process,Azure Sentinel,Microsoft,Microsoft Defender,alert-0354,Credentialdumpingdetected,New,High,0.90,0,2026-04-29T07:29:57Z,2026-04-29T07:43:57Z,"[{""Type"": ""host"", ""HostName"": ""WS-MKT-02""}]",CredentialAccess,T1003.001,2026-04-29T07:44:02Z,SecurityAlert
2026-04-29T07:46:42Z,Lateral movement via SMB,Lateral movement via SMB,High,Unusual SMB activity from a single host to many destinations,Azure Sentinel,Microsoft,Microsoft Defender,alert-0355,LateralmovementviaSMB,New,High,0.63,0,2026-04-29T07:46:42Z,2026-04-29T08:07:42Z,"[{""Type"": ""host"", ""HostName"": ""WS-FIN-02""}]",LateralMovement,T1021.002,2026-04-29T08:07:47Z,SecurityAlert
2026-04-29T07:53:10Z,Lateral movement via SMB,Lateral movement via SMB,High,Unusual SMB activity from a single host to many destinations,Azure Sentinel,Microsoft,Microsoft Defender,alert-0356,LateralmovementviaSMB,New,High,0.96,0,2026-04-29T07:53:10Z,2026-04-29T08:17:10Z,"[{""Type"": ""host"", ""HostName"": ""WS-SUPPORT-01""}]",LateralMovement,T1021.002,2026-04-29T08:17:15Z,SecurityAlert
2026-04-29T07:58:26Z,First-time process,First-time process,Informational,Detected First-time process,Microsoft Defender,Microsoft,Microsoft Defender,alert-107,First-timeprocess,New,High,0.95,0,2026-04-29T07:58:26Z,2026-04-29T08:03:26Z,"[{""Type"": ""host"", ""HostName"": ""WS-HR-03""}]",Discovery,T1083,2026-04-29T07:59:26Z,SecurityAlert
2026-04-29T08:02:44Z,Possible password spray,Possible password spray,High,A single source IP attempted login to many distinct accounts,Azure Sentinel,Microsoft,Microsoft Defender,alert-0357,Possiblepasswordspray,New,High,0.97,0,2026-04-29T08:02:44Z,2026-04-29T08:25:44Z,"[{""Type"": ""host"", ""HostName"": ""WS-MKT-01""}]",CredentialAccess,T1110.003,2026-04-29T08:25:49Z,SecurityAlert
2026-04-29T08:04:51Z,Lateral movement via SMB,Lateral movement via SMB,High,Unusual SMB activity from a single host to many destinations,Azure Sentinel,Microsoft,Microsoft Defender,alert-0358,LateralmovementviaSMB,New,High,0.75,0,2026-04-29T08:04:51Z,2026-04-29T08:11:51Z,"[{""Type"": ""host"", ""HostName"": ""WS-SUPPORT-01""}]",LateralMovement,T1021.002,2026-04-29T08:11:56Z,SecurityAlert
2026-04-29T08:14:05Z,Anomalous sign-in from unfamiliar location,Anomalous sign-in from unfamiliar location,Medium,User signed in from a country not previously seen,Azure Sentinel,Microsoft,Microsoft Defender,alert-0359,Anomaloussign-infromunfamiliarlocation,New,High,0.81,0,2026-04-29T08:14:05Z,2026-04-29T08:39:05Z,"[{""Type"": ""host"", ""HostName"": ""WS-FINANCE-01""}]",InitialAccess,T1078,2026-04-29T08:39:10Z,SecurityAlert
2026-04-29T08:34:12Z,Credential dumping detected,Credential dumping detected,High,lsass.exe memory access from an untrusted process,Azure Sentinel,Microsoft,Microsoft Defender,alert-0360,Credentialdumpingdetected,Resolved,High,0.75,0,2026-04-29T08:34:12Z,2026-04-29T08:43:12Z,"[{""Type"": ""host"", ""HostName"": ""WS-DEV-02""}]",CredentialAccess,T1003.001,2026-04-29T08:43:17Z,SecurityAlert
2026-04-29T08:45:51Z,Credential dumping detected,Credential dumping detected,High,lsass.exe memory access from an untrusted process,Azure Sentinel,Microsoft,Microsoft Defender,alert-0361,Credentialdumpingdetected,New,High,0.61,0,2026-04-29T08:45:51Z,2026-04-29T08:57:51Z,"[{""Type"": ""host"", ""HostName"": ""WS-HR-03""}]",CredentialAccess,T1003.001,2026-04-29T08:57:56Z,SecurityAlert
2026-04-29T08:45:56Z,DNS tunneling indicator,DNS tunneling indicator,Medium,High volume of TXT-record queries to an uncommon domain,Azure Sentinel,Microsoft,Microsoft Defender,alert-0362,DNStunnelingindicator,InProgress,High,0.81,0,2026-04-29T08:45:56Z,2026-04-29T08:53:56Z,"[{""Type"": ""host"", ""HostName"": ""WS-SUPPORT-01""}]",CommandAndControl,T1071.004,2026-04-29T08:54:01Z,SecurityAlert
2026-04-29T08:51:25Z,Suspicious scheduled task,Suspicious scheduled task,Medium,Schtasks created with binary in ProgramData,Azure Sentinel,Microsoft,Microsoft Defender,alert-0363,Suspiciousscheduledtask,New,High,0.66,0,2026-04-29T08:51:25Z,2026-04-29T09:03:25Z,"[{""Type"": ""host"", ""HostName"": ""SVR-DC-01""}]",Persistence,T1053.005,2026-04-29T09:03:30Z,SecurityAlert
2026-04-29T08:51:33Z,Suspicious PowerShell execution,Suspicious PowerShell execution,Medium,Detected suspicious PowerShell EncodedCommand,Azure Sentinel,Microsoft,Microsoft Defender,alert-0364,SuspiciousPowerShellexecution,New,High,0.63,0,2026-04-29T08:51:33Z,2026-04-29T08:53:33Z,"[{""Type"": ""host"", ""HostName"": ""WS-DEV-02""}]",Execution,T1059.001,2026-04-29T08:53:38Z,SecurityAlert
2026-04-29T08:51:37Z,Suspicious scheduled task,Suspicious scheduled task,Medium,Schtasks created with binary in ProgramData,Azure Sentinel,Microsoft,Microsoft Defender,alert-0365,Suspiciousscheduledtask,New,High,0.82,0,2026-04-29T08:51:37Z,2026-04-29T08:57:37Z,"[{""Type"": ""host"", ""HostName"": ""LAP-DEV-06""}]",Persistence,T1053.005,2026-04-29T08:57:42Z,SecurityAlert
2026-04-29T08:57:38Z,DNS tunneling indicator,DNS tunneling indicator,Medium,High volume of TXT-record queries to an uncommon domain,Azure Sentinel,Microsoft,Microsoft Defender,alert-0366,DNStunnelingindicator,New,High,0.83,0,2026-04-29T08:57:38Z,2026-04-29T09:24:38Z,"[{""Type"": ""host"", ""HostName"": ""WS-DEV-02""}]",CommandAndControl,T1071.004,2026-04-29T09:24:43Z,SecurityAlert
2026-04-29T09:01:23Z,DNS tunneling indicator,DNS tunneling indicator,Medium,High volume of TXT-record queries to an uncommon domain,Azure Sentinel,Microsoft,Microsoft Defender,alert-0367,DNStunnelingindicator,New,High,0.68,0,2026-04-29T09:01:23Z,2026-04-29T09:20:23Z,"[{""Type"": ""host"", ""HostName"": ""WS-ENG-01""}]",CommandAndControl,T1071.004,2026-04-29T09:20:28Z,SecurityAlert
2026-04-29T09:03:13Z,Credential dumping detected,Credential dumping detected,High,lsass.exe memory access from an untrusted process,Azure Sentinel,Microsoft,Microsoft Defender,alert-0368,Credentialdumpingdetected,InProgress,High,0.86,0,2026-04-29T09:03:13Z,2026-04-29T09:28:13Z,"[{""Type"": ""host"", ""HostName"": ""LAP-DEV-05""}]",CredentialAccess,T1003.001,2026-04-29T09:28:18Z,SecurityAlert
2026-04-29T09:06:47Z,DNS tunneling indicator,DNS tunneling indicator,Medium,High volume of TXT-record queries to an uncommon domain,Azure Sentinel,Microsoft,Microsoft Defender,alert-0369,DNStunnelingindicator,New,High,0.68,0,2026-04-29T09:06:47Z,2026-04-29T09:35:47Z,"[{""Type"": ""host"", ""HostName"": ""LAP-SALES-04""}]",CommandAndControl,T1071.004,2026-04-29T09:35:52Z,SecurityAlert
2026-04-29T09:22:55Z,Mass file deletion,Mass file deletion,Low,A user deleted 200+ files within 5 minutes,Azure Sentinel,Microsoft,Microsoft Defender,alert-0370,Massfiledeletion,New,High,0.88,0,2026-04-29T09:22:55Z,2026-04-29T09:40:55Z,"[{""Type"": ""host"", ""HostName"": ""WS-DEV-02""}]",Impact,T1485,2026-04-29T09:41:00Z,SecurityAlert
2026-04-29T09:32:21Z,Suspicious PowerShell execution,Suspicious PowerShell execution,Medium,Detected suspicious PowerShell EncodedCommand,Azure Sentinel,Microsoft,Microsoft Defender,alert-0371,SuspiciousPowerShellexecution,InProgress,High,0.76,0,2026-04-29T09:32:21Z,2026-04-29T09:39:21Z,"[{""Type"": ""host"", ""HostName"": ""WS-FIN-02""}]",Execution,T1059.001,2026-04-29T09:39:26Z,SecurityAlert
2026-04-29T10:04:01Z,Suspicious scheduled task,Suspicious scheduled task,Medium,Schtasks created with binary in ProgramData,Azure Sentinel,Microsoft,Microsoft Defender,alert-0372,Suspiciousscheduledtask,InProgress,High,0.80,0,2026-04-29T10:04:01Z,2026-04-29T10:05:01Z,"[{""Type"": ""host"", ""HostName"": ""WS-FIN-03""}]",Persistence,T1053.005,2026-04-29T10:05:06Z,SecurityAlert
2026-04-29T10:09:32Z,Credential dumping detected,Credential dumping detected,High,lsass.exe memory access from an untrusted process,Azure Sentinel,Microsoft,Microsoft Defender,alert-0373,Credentialdumpingdetected,Resolved,High,0.68,0,2026-04-29T10:09:32Z,2026-04-29T10:18:32Z,"[{""Type"": ""host"", ""HostName"": ""WS-ENG-02""}]",CredentialAccess,T1003.001,2026-04-29T10:18:37Z,SecurityAlert
2026-04-29T10:17:27Z,Lateral movement via SMB,Lateral movement via SMB,High,Unusual SMB activity from a single host to many destinations,Azure Sentinel,Microsoft,Microsoft Defender,alert-0374,LateralmovementviaSMB,Resolved,High,0.80,0,2026-04-29T10:17:27Z,2026-04-29T10:26:27Z,"[{""Type"": ""host"", ""HostName"": ""WS-RECEPTION-01""}]",LateralMovement,T1021.002,2026-04-29T10:26:32Z,SecurityAlert
2026-04-29T10:34:58Z,Suspicious PowerShell execution,Suspicious PowerShell execution,Medium,Detected suspicious PowerShell EncodedCommand,Azure Sentinel,Microsoft,Microsoft Defender,alert-0375,SuspiciousPowerShellexecution,New,High,0.73,0,2026-04-29T10:34:58Z,2026-04-29T10:38:58Z,"[{""Type"": ""host"", ""HostName"": ""WS-IT-01""}]",Execution,T1059.001,2026-04-29T10:39:03Z,SecurityAlert
2026-04-29T10:40:24Z,Credential dumping detected,Credential dumping detected,High,lsass.exe memory access from an untrusted process,Azure Sentinel,Microsoft,Microsoft Defender,alert-0376,Credentialdumpingdetected,InProgress,High,0.88,0,2026-04-29T10:40:24Z,2026-04-29T11:07:24Z,"[{""Type"": ""host"", ""HostName"": ""WS-OPS-01""}]",CredentialAccess,T1003.001,2026-04-29T11:07:29Z,SecurityAlert
2026-04-29T10:41:25Z,Anomalous sign-in from unfamiliar location,Anomalous sign-in from unfamiliar location,Medium,User signed in from a country not previously seen,Azure Sentinel,Microsoft,Microsoft Defender,alert-0377,Anomaloussign-infromunfamiliarlocation,InProgress,High,0.79,0,2026-04-29T10:41:25Z,2026-04-29T11:04:25Z,"[{""Type"": ""host"", ""HostName"": ""WS-IT-02""}]",InitialAccess,T1078,2026-04-29T11:04:30Z,SecurityAlert
2026-04-29T10:48:48Z,Credential dumping detected,Credential dumping detected,High,lsass.exe memory access from an untrusted process,Azure Sentinel,Microsoft,Microsoft Defender,alert-0378,Credentialdumpingdetected,Resolved,High,0.65,0,2026-04-29T10:48:48Z,2026-04-29T11:18:48Z,"[{""Type"": ""host"", ""HostName"": ""WS-DEV-02""}]",CredentialAccess,T1003.001,2026-04-29T11:18:53Z,SecurityAlert
2026-04-29T10:52:53Z,Mass file deletion,Mass file deletion,Low,A user deleted 200+ files within 5 minutes,Azure Sentinel,Microsoft,Microsoft Defender,alert-0379,Massfiledeletion,New,High,0.95,0,2026-04-29T10:52:53Z,2026-04-29T11:20:53Z,"[{""Type"": ""host"", ""HostName"": ""LAP-DEV-06""}]",Impact,T1485,2026-04-29T11:20:58Z,SecurityAlert
2026-04-29T10:59:51Z,Suspicious PowerShell execution,Suspicious PowerShell execution,Medium,Detected suspicious PowerShell EncodedCommand,Azure Sentinel,Microsoft,Microsoft Defender,alert-0380,SuspiciousPowerShellexecution,New,High,0.89,0,2026-04-29T10:59:51Z,2026-04-29T11:17:51Z,"[{""Type"": ""host"", ""HostName"": ""LAP-DEV-06""}]",Execution,T1059.001,2026-04-29T11:17:56Z,SecurityAlert
2026-04-29T11:02:32Z,Credential dumping detected,Credential dumping detected,High,lsass.exe memory access from an untrusted process,Azure Sentinel,Microsoft,Microsoft Defender,alert-0381,Credentialdumpingdetected,New,High,0.69,0,2026-04-29T11:02:32Z,2026-04-29T11:29:32Z,"[{""Type"": ""host"", ""HostName"": ""WS-ENG-02""}]",CredentialAccess,T1003.001,2026-04-29T11:29:37Z,SecurityAlert
2026-04-29T11:07:22Z,Anomalous sign-in from unfamiliar location,Anomalous sign-in from unfamiliar location,Medium,User signed in from a country not previously seen,Azure Sentinel,Microsoft,Microsoft Defender,alert-0382,Anomaloussign-infromunfamiliarlocation,InProgress,High,0.65,0,2026-04-29T11:07:22Z,2026-04-29T11:30:22Z,"[{""Type"": ""host"", ""HostName"": ""WS-IT-02""}]",InitialAccess,T1078,2026-04-29T11:30:27Z,SecurityAlert
2026-04-29T11:11:10Z,Lateral movement via SMB,Lateral movement via SMB,High,Unusual SMB activity from a single host to many destinations,Azure Sentinel,Microsoft,Microsoft Defender,alert-0383,LateralmovementviaSMB,InProgress,High,0.92,0,2026-04-29T11:11:10Z,2026-04-29T11:30:10Z,"[{""Type"": ""host"", ""HostName"": ""WS-HR-03""}]",LateralMovement,T1021.002,2026-04-29T11:30:15Z,SecurityAlert
2026-04-29T11:23:12Z,Possible password spray,Possible password spray,High,A single source IP attempted login to many distinct accounts,Azure Sentinel,Microsoft,Microsoft Defender,alert-0384,Possiblepasswordspray,New,High,0.82,0,2026-04-29T11:23:12Z,2026-04-29T11:46:12Z,"[{""Type"": ""host"", ""HostName"": ""WS-FIN-03""}]",CredentialAccess,T1110.003,2026-04-29T11:46:17Z,SecurityAlert
2026-04-29T11:29:43Z,DNS tunneling indicator,DNS tunneling indicator,Medium,High volume of TXT-record queries to an uncommon domain,Azure Sentinel,Microsoft,Microsoft Defender,alert-0385,DNStunnelingindicator,Resolved,High,0.71,0,2026-04-29T11:29:43Z,2026-04-29T11:46:43Z,"[{""Type"": ""host"", ""HostName"": ""WS-ENG-02""}]",CommandAndControl,T1071.004,2026-04-29T11:46:48Z,SecurityAlert
2026-04-29T11:32:19Z,Possible password spray,Possible password spray,High,A single source IP attempted login to many distinct accounts,Azure Sentinel,Microsoft,Microsoft Defender,alert-0386,Possiblepasswordspray,New,High,0.93,0,2026-04-29T11:32:19Z,2026-04-29T11:36:19Z,"[{""Type"": ""host"", ""HostName"": ""WS-RECEPTION-01""}]",CredentialAccess,T1110.003,2026-04-29T11:36:24Z,SecurityAlert
2026-04-29T11:53:45Z,First-time process,First-time process,Informational,Detected First-time process,Microsoft Defender,Microsoft,Microsoft Defender,alert-109,First-timeprocess,New,High,0.95,0,2026-04-29T11:53:45Z,2026-04-29T11:58:45Z,"[{""Type"": ""host"", ""HostName"": ""SVR-DC-01""}]",Discovery,T1083,2026-04-29T11:54:45Z,SecurityAlert
2026-04-29T11:59:56Z,Suspicious scheduled task,Suspicious scheduled task,Medium,Schtasks created with binary in ProgramData,Azure Sentinel,Microsoft,Microsoft Defender,alert-0387,Suspiciousscheduledtask,Resolved,High,0.82,0,2026-04-29T11:59:56Z,2026-04-29T12:18:56Z,"[{""Type"": ""host"", ""HostName"": ""LAP-SALES-03""}]",Persistence,T1053.005,2026-04-29T12:19:01Z,SecurityAlert
2026-04-29T12:04:41Z,Credential dumping detected,Credential dumping detected,High,lsass.exe memory access from an untrusted process,Azure Sentinel,Microsoft,Microsoft Defender,alert-0388,Credentialdumpingdetected,New,High,0.87,0,2026-04-29T12:04:41Z,2026-04-29T12:07:41Z,"[{""Type"": ""host"", ""HostName"": ""WS-FIN-03""}]",CredentialAccess,T1003.001,2026-04-29T12:07:46Z,SecurityAlert
2026-04-29T12:20:09Z,Mass file deletion,Mass file deletion,Low,A user deleted 200+ files within 5 minutes,Azure Sentinel,Microsoft,Microsoft Defender,alert-0389,Massfiledeletion,New,High,0.80,0,2026-04-29T12:20:09Z,2026-04-29T12:41:09Z,"[{""Type"": ""host"", ""HostName"": ""WS-DEV-02""}]",Impact,T1485,2026-04-29T12:41:14Z,SecurityAlert
2026-04-29T12:36:00Z,Anomalous sign-in from unfamiliar location,Anomalous sign-in from unfamiliar location,Medium,User signed in from a country not previously seen,Azure Sentinel,Microsoft,Microsoft Defender,alert-0390,Anomaloussign-infromunfamiliarlocation,New,High,0.63,0,2026-04-29T12:36:00Z,2026-04-29T12:47:00Z,"[{""Type"": ""host"", ""HostName"": ""LAP-DEV-05""}]",InitialAccess,T1078,2026-04-29T12:47:05Z,SecurityAlert
2026-04-29T12:42:50Z,Mass file deletion,Mass file deletion,Low,A user deleted 200+ files within 5 minutes,Azure Sentinel,Microsoft,Microsoft Defender,alert-0391,Massfiledeletion,InProgress,High,0.93,0,2026-04-29T12:42:50Z,2026-04-29T12:50:50Z,"[{""Type"": ""host"", ""HostName"": ""SVR-DC-01""}]",Impact,T1485,2026-04-29T12:50:55Z,SecurityAlert
2026-04-29T12:53:42Z,Possible password spray,Possible password spray,High,A single source IP attempted login to many distinct accounts,Azure Sentinel,Microsoft,Microsoft Defender,alert-0392,Possiblepasswordspray,Resolved,High,0.77,0,2026-04-29T12:53:42Z,2026-04-29T13:03:42Z,"[{""Type"": ""host"", ""HostName"": ""LAP-SALES-04""}]",CredentialAccess,T1110.003,2026-04-29T13:03:47Z,SecurityAlert
2026-04-29T12:57:35Z,Suspicious scheduled task,Suspicious scheduled task,Medium,Schtasks created with binary in ProgramData,Azure Sentinel,Microsoft,Microsoft Defender,alert-0393,Suspiciousscheduledtask,New,High,0.88,0,2026-04-29T12:57:35Z,2026-04-29T13:01:35Z,"[{""Type"": ""host"", ""HostName"": ""WS-FIN-02""}]",Persistence,T1053.005,2026-04-29T13:01:40Z,SecurityAlert
2026-04-29T13:00:50Z,Mass file deletion,Mass file deletion,Low,A user deleted 200+ files within 5 minutes,Azure Sentinel,Microsoft,Microsoft Defender,alert-0394,Massfiledeletion,New,High,0.68,0,2026-04-29T13:00:50Z,2026-04-29T13:06:50Z,"[{""Type"": ""host"", ""HostName"": ""WS-FIN-03""}]",Impact,T1485,2026-04-29T13:06:55Z,SecurityAlert
2026-04-29T13:06:33Z,Mass file deletion,Mass file deletion,Low,A user deleted 200+ files within 5 minutes,Azure Sentinel,Microsoft,Microsoft Defender,alert-0395,Massfiledeletion,InProgress,High,0.82,0,2026-04-29T13:06:33Z,2026-04-29T13:35:33Z,"[{""Type"": ""host"", ""HostName"": ""WS-RECEPTION-01""}]",Impact,T1485,2026-04-29T13:35:38Z,SecurityAlert
2026-04-29T13:09:00Z,Credential dumping detected,Credential dumping detected,High,lsass.exe memory access from an untrusted process,Azure Sentinel,Microsoft,Microsoft Defender,alert-0396,Credentialdumpingdetected,New,High,0.86,0,2026-04-29T13:09:00Z,2026-04-29T13:28:00Z,"[{""Type"": ""host"", ""HostName"": ""LAP-DEV-06""}]",CredentialAccess,T1003.001,2026-04-29T13:28:05Z,SecurityAlert
2026-04-29T13:15:00Z,Brute force attempt against Bryce,Brute force attempt against Bryce,High,Detected Brute force attempt against Bryce,Azure Sentinel,Microsoft,Microsoft Defender,alert-001,BruteforceattemptagainstBryce,New,High,0.95,0,2026-04-29T13:15:00Z,2026-04-29T13:20:00Z,"[{""Type"": ""account"", ""Name"": ""bryce""}, {""Type"": ""ip"", ""Address"": ""198.51.100.55""}]",CredentialAccess,T1110.001,2026-04-29T13:16:00Z,SecurityAlert
2026-04-29T13:32:00Z,Suspicious encoded PowerShell,Suspicious encoded PowerShell,High,Detected Suspicious encoded PowerShell,Microsoft Defender,Microsoft,Microsoft Defender,alert-002,SuspiciousencodedPowerShell,New,High,0.95,0,2026-04-29T13:32:00Z,2026-04-29T13:37:00Z,"[{""Type"": ""host"", ""HostName"": ""WS-DEV-02""}, {""Type"": ""account"", ""Name"": ""dchen""}]","Execution,DefenseEvasion","T1059.001,T1027",2026-04-29T13:33:00Z,SecurityAlert
2026-04-29T13:32:08Z,Lateral movement via SMB,Lateral movement via SMB,High,Unusual SMB activity from a single host to many destinations,Azure Sentinel,Microsoft,Microsoft Defender,alert-0397,LateralmovementviaSMB,InProgress,High,0.96,0,2026-04-29T13:32:08Z,2026-04-29T13:53:08Z,"[{""Type"": ""host"", ""HostName"": ""WS-FIN-03""}]",LateralMovement,T1021.002,2026-04-29T13:53:13Z,SecurityAlert
2026-04-29T13:43:02Z,Suspicious PowerShell execution,Suspicious PowerShell execution,Medium,Detected suspicious PowerShell EncodedCommand,Azure Sentinel,Microsoft,Microsoft Defender,alert-0398,SuspiciousPowerShellexecution,New,High,0.64,0,2026-04-29T13:43:02Z,2026-04-29T13:54:02Z,"[{""Type"": ""host"", ""HostName"": ""LAP-SALES-04""}]",Execution,T1059.001,2026-04-29T13:54:07Z,SecurityAlert
2026-04-29T13:45:00Z,Persistence via Run key,Persistence via Run key,Medium,Detected Persistence via Run key,Microsoft Defender,Microsoft,Microsoft Defender,alert-003,PersistenceviaRunkey,New,High,0.95,0,2026-04-29T13:45:00Z,2026-04-29T13:50:00Z,"[{""Type"": ""host"", ""HostName"": ""WS-HR-03""}]",Persistence,T1547.001,2026-04-29T13:46:00Z,SecurityAlert
2026-04-29T13:46:33Z,Suspicious PowerShell execution,Suspicious PowerShell execution,Medium,Detected suspicious PowerShell EncodedCommand,Azure Sentinel,Microsoft,Microsoft Defender,alert-0399,SuspiciousPowerShellexecution,New,High,0.81,0,2026-04-29T13:46:33Z,2026-04-29T14:03:33Z,"[{""Type"": ""host"", ""HostName"": ""WS-OPS-02""}]",Execution,T1059.001,2026-04-29T14:03:38Z,SecurityAlert
